id,email,status,invited,createdAt
wle_3Ga7SRdWBTU3cbkVLPcZQHAADfA,hitesh+6@weareenigma.com,pending,false,2026-07-16T10:30:25.782Z
wle_3GZbeh8M1dpzvx20QnDmqK2qjlc,hitesh+5@weareenigma.com,invited,true,2026-07-16T06:08:54.624Z
wle_3GXw84H63K7GbL6vtT9w0yrfMUi,hitesh+4@weareenigma.com,completed,true,2026-07-15T15:57:38.252Z
wle_3GXTUk4OHN3ZPZccvVTJhP9kBMt,hitesh+3@weareenigma.com,completed,true,2026-07-15T12:02:11.088Z
wle_3GXTS358RT4ZLEBNotFD5FtHczZ,hitesh@weareenigma.com,completed,false,2026-07-15T12:01:49.234Z
wle_3GXF3nW93zKnmnWE6r4PtpJaFXc,hariom@ultrashieldsoftware.in,pending,false,2026-07-15T10:03:29.481Z
wle_3GUurtke8CYEwBBbdJ2GGfr7Nzx,jaykalpeshmehta@gmail.com,pending,false,2026-07-14T14:17:50.943Z
wle_3GUNFiL4Tc3WOEa9p2bLdoxJ7P0,bhaskar.varshney1@gmail.com,invited,true,2026-07-14T09:41:25.708Z
wle_3GUM7Wz8wQt0lgZjHAQIRJZCVdJ,b@weareenigma.com,completed,true,2026-07-14T09:32:07.665Z
wle_3GUFiJugkrNBVoV5tx6YNPN4uGg,rohan.j00009@gmail.com,completed,true,2026-07-14T08:39:26.216Z
wle_3GUEIWMivQbqZyprXL7HnED574s,vishalrana8582@gmail.com,rejected,true,2026-07-14T08:27:47.980Z
wle_3GJzgXPrEHwmQwyNkPcohPYpVmw,tanmayscuderia@gmail.com,pending,false,2026-07-10T17:29:31.633Z
wle_3GJLCjvmnhjF5Kk7K0etxLpWqGa,khanzuhaib966@gmail.com,pending,false,2026-07-10T11:56:39.567Z
wle_3GJ9SKBaqalK1BWUKFLsWRVForS,shivanshikaagarwal7275@gmail.com,pending,false,2026-07-10T10:20:02.971Z
wle_3GItxPsAPy0bfoyzjpGDRWLzbSj,devanshu@drana.in,pending,false,2026-07-10T08:12:36.121Z
wle_3GIpvUivzhIGVnnQ2HzCK3F2V4L,suriyadhayalan2001@gmail.com,pending,false,2026-07-10T07:39:27.416Z
wle_3GH8EnH01TeFOgNXRUf9FWVzhr4,michaeloluwa43@gmail.com,pending,false,2026-07-09T17:10:24.788Z
wle_3GGdekUgClcqTDspZY9JUkG0IoQ,hello@alwaysbeta.au,pending,false,2026-07-09T12:58:56.538Z
wle_3GGabFfqrnEGiQv3VY0DUzkrByj,garima.rastogi1990@gmail.com,rejected,false,2026-07-09T12:33:48.990Z
wle_3GGSqh4IaRqAR3jKK4pBfS66q7k,zwjhb12@163.com,pending,false,2026-07-09T11:30:04.184Z
wle_3GGQKmcHM4rrloA72P5fXOwR2Lz,tristanrayellis@protonmail.com,pending,false,2026-07-09T11:09:24.365Z
wle_3GFCAArbZL04DkDKcA6Wj3jfArL,khaledplayer7@gmail.com,pending,false,2026-07-09T00:43:03.546Z
wle_3GDiVZP6B5sU2zUdqlkQP06urrP,krishan@ultrashieldsoftware.in,pending,false,2026-07-08T12:09:24.468Z
wle_3GDgIUaxpd6AGGdzPiIEr20O8Tm,seo1.e2web@gmail.com,pending,false,2026-07-08T11:51:13.341Z
wle_3GD1JDaPqRN5Hm1rOX1Ow4yowBp,aporvasingh229@gmail.com,pending,false,2026-07-08T06:14:11.545Z
wle_3GD1Cw5HcPxb9RZm2rwC9hQPM64,gaurav@weareenigma.com,rejected,false,2026-07-08T06:13:21.612Z
wle_3GAKmpLbt4E4ZtP2fk3Fkv1FyHo,jyoti@weareenigma.com,completed,false,2026-07-07T07:24:54.680Z
wle_3FoGRxrikDMPDAeNWvoah0T7xLV,hitesh@wearenigma.com,invited,true,2026-06-29T11:53:23.328Z
wle_3FZchrL15ugGSCyCPzaFvMRcHV6,hitesh+1@weareenigma.com,rejected,false,2026-06-24T07:29:13.084Z
wle_3FX6NzZZ10C2RGaidVkMnx188Yz,vidushi@weareenigma.com,rejected,false,2026-06-23T10:03:50.278Z
wle_3FUYUrswolriENjAPoAcfAUCen1,harsh@weareenigma.com,completed,true,2026-06-22T12:25:33.302Z
